"Rose A. Marks, Jill M. Farrant, D. Nicholas McLetchie, and Robert VanBuren - American Journal of Botany - 2020 - Appendix S1",,,,,,,,,,,
Division,Class,Order,Family,Genus,Species,Minimum RH (%),Minimum RWC (%),Homoi vs poikilochlorophyllous,Evidence of priming or hardening ,Tissues differ in recovery,Citation
Angiosperms,Eudicots,Caryophyllales,Cactacese,Blossfeldia,liliputana,,,homoi,,,Barthlott and Porembski 1996
Angiosperms,Eudicots,Gunnerales,Myrothamnaceae,Myrothamnus,flabellifolia,0,,homoi,,,"Gaff 1971, 1977"
Angiosperms,Eudicots,Gunnerales,Myrothamnaceae,Myrothamnus,moschata,0,,homoi,,,Gaff 1977
Angiosperms,Eudicots,Lamiales,Gesneriaceae,Boea,hygroscopica,,,homoi,,,"Gaff and Latz 1978, Kaiser et al. 1985"
Angiosperms,Eudicots,Lamiales,Gesneriaceae,Conandron,ramondioides,,,homoi,yes,,Blomstedt 2018
Angiosperms,Eudicots,Lamiales,Gesneriaceae,Haberlea,rhodopensis,,,homoi,,,"Bewley and Krochko 1982, Muller et al 1997"
Angiosperms,Eudicots,Lamiales,Gesneriaceae,Opithandra,primuloides,,,homoi,yes,,Blomstedt 2018
Angiosperms,Eudicots,Lamiales,Gesneriaceae,Ramonda,myconi,,,homoi,,,"Gaff and Mcgregor 1979, Schwab et al 1989"
Angiosperms,Eudicots,Lamiales,Gesneriaceae,Ramonda,nathaliae,,10,homoi,,,"Bewley and Krochko 1982, Muller et al 1997"
Angiosperms,Eudicots,Lamiales,Gesneriaceae,Ramonda,serbica,,,homoi,,,"Markovska et al 1994, Sgherri et al 2004"
Angiosperms,Eudicots,Lamiales,Gesneriaceae,Streptocarpus,spp,,,homoi,,,Porembski and Barthlott 2000
Angiosperms,Eudicots,Lamiales,Lamiaceae,Satureja,gilliesii,,,homoi,,,Montenegro et al 1979
Angiosperms,Eudicots,Lamiales,Linderniaceae,Chamaegigas,intrepidus,0,,homoi,,,"Gaff 1971, 1977"
Angiosperms,Eudicots,Lamiales,Linderniaceae,Craterostigma,monroi,0,,homoi,,,Gaff 1977
Angiosperms,Eudicots,Lamiales,Linderniaceae,Craterostigma,nanum,0,,homoi,,,Gaff 1977
Angiosperms,Eudicots,Lamiales,Linderniaceae,Craterostigma,plantagineum,0,,homoi,,,"Gaff 1971, 1977"
Angiosperms,Eudicots,Lamiales,Linderniaceae,Craterostigma,pumilum,,,homoi,,yes,Hoekstra et al 2001 (unpublished data)
Angiosperms,Eudicots,Lamiales,Linderniaceae,Craterostigma,wilmsii,0,,homoi,,,"Gaff 1971, 1977"
Angiosperms,Eudicots,Lamiales,Linderniaceae,Lindernia (previously Ilysanthes),purpurascens,0,,homoi,,,Gaff 1977
Angiosperms,Eudicots,Lamiales,Linderniaceae,Lindernia (previously Ilysanthes),wilmsii,0,,homoi,,,Gaff 1977
Angiosperms,Eudicots,Lamiales,Scrophulariaceae,Limosella,spp,,,homoi,,,Porembski and Barthlott 2000
Angiosperms,Eudicots,Lamiales,Scrophulariaceae,Lindernia,all species are DT (Proctor and Pence) not true based on Bob's recent work,,,homoi,,,
Angiosperms,Magnoliopsida,Asparagales,Boryaceae,Borya,inopinata,,,poiki,,,Forster and Thompson 1997
Angiosperms,Magnoliopsida,Asparagales,Boryaceae,Borya,nitida,,,poiki,,,Gaff and Churchill 1976
Angiosperms,Magnoliopsida,Asparagales,Boryaceae,Borya,scirpioides,,,poiki,,higher in three youngest leaves,Blomstedt et al 2018
Angiosperms,Magnoliopsida,Asparagales,Boryaceae,Borya,septentrionalis,,,poiki,,,Gaff and Latz 1978
Angiosperms,Magnoliopsida,Pandanales,Velloziaceae,Aylthonia,blackii,,7.7,,,,Gaff 1987
Angiosperms,Magnoliopsida,Pandanales,Velloziaceae,Barbacenia,flava,,7.5,,,,Gaff 1987
Angiosperms,Magnoliopsida,Pandanales,Velloziaceae,Barbacenia,longiflora,,9.9,,,,Gaff 1987
Angiosperms,Magnoliopsida,Pandanales,Velloziaceae,Barbacenia,riediliana,,10,,,,Gaff 1987
Angiosperms,Magnoliopsida,Pandanales,Velloziaceae,Barbacenia,sellovii,,5.7,,,,Gaff 1987
Angiosperms,Magnoliopsida,Pandanales,Velloziaceae,Barbaceniopsis,boliveinsis,,6.6,,,,Gaff 1987
Angiosperms,Magnoliopsida,Pandanales,Velloziaceae,Barbaceniopsis,humahuaguensis,,6.2,,,,Gaff 1987
Angiosperms,Magnoliopsida,Pandanales,Velloziaceae,Nanuza,plicata,,,,,,Rosetto and Dolder 1996
Angiosperms,Magnoliopsida,Pandanales,Velloziaceae,Pleurostima,sp. ,,,poiki,,,Porembski and Barthlott 2000
Angiosperms,Magnoliopsida,Pandanales,Velloziaceae,Talbotia,elegans,,,poiki,,,"Gaff and Hallam 1974, Hallam and Gaff 1978"
Angiosperms,Magnoliopsida,Pandanales,Velloziaceae,Vellozia,~124 species in total,,,,,,Proctor and Pence 2002
Angiosperms,Magnoliopsida,Pandanales,Velloziaceae,Vellozia,angustifolia,,7.5,poiki,,,"Gaff 1987, Oorembski and Barthlott 2000"
Angiosperms,Magnoliopsida,Pandanales,Velloziaceae,Vellozia,caput-ardeae,,13.8,poiki,,,Gaff 1987
Angiosperms,Magnoliopsida,Pandanales,Velloziaceae,Vellozia,ciliata,,6.9,poiki,,,Gaff 1987
Angiosperms,Magnoliopsida,Pandanales,Velloziaceae,Vellozia,dawsonii,,5.8,poiki,,,Gaff 1987
Angiosperms,Magnoliopsida,Pandanales,Velloziaceae,Vellozia,glochidea,,8.8,poiki,,,Gaff 1987
Angiosperms,Magnoliopsida,Pandanales,Velloziaceae,Vellozia,hatschbachii,,8.3,poiki,,,Gaff 1987
Angiosperms,Magnoliopsida,Pandanales,Velloziaceae,Vellozia,sellovii,,9.9,poiki,,,Gaff 1987
Angiosperms,Magnoliopsida,Pandanales,Velloziaceae,Vellozia,squalida,,8,poiki,,,Gaff 1987
Angiosperms,Magnoliopsida,Pandanales,Velloziaceae,Vellozia,taxifolia,,6.4,poiki,,,Gaff 1987
Angiosperms,Magnoliopsida,Pandanales,Velloziaceae,Vellozia,triquetra,,11.2,poiki,,,Gaff 1987
Angiosperms,Magnoliopsida,Pandanales,Velloziaceae,Vellozia,variabilis,,9.9,poiki,,,Gaff 1997
Angiosperms,Magnoliopsida,Pandanales,Velloziaceae,Vellozia,verruculosa,,11.7,poiki,,,Gaff 1997
Angiosperms,Magnoliopsida,Pandanales,Velloziaceae,Vellozia,virgata,,10,poiki,,,Gaff 1997
Angiosperms,Magnoliopsida,Pandanales,Velloziaceae,Xerophyta,~28 sp in total,,,poiki,,,Proctor and Pence 2002
Angiosperms,Magnoliopsida,Pandanales,Velloziaceae,Xerophyta,elegans,,,poiki,,,Gaff 1977
Angiosperms,Magnoliopsida,Pandanales,Velloziaceae,Xerophyta,humilis,,,homoi,,yes,Gaff 1977
Angiosperms,Magnoliopsida,Pandanales,Velloziaceae,Xerophyta,retinervis,,,poiki,,,Gaff 1977
Angiosperms,Magnoliopsida,Pandanales,Velloziaceae,Xerophyta,schlechteri,,,poiki,,yes,Radermacher et al. 2019
Angiosperms,Magnoliopsida,Pandanales,Velloziaceae,Xerophyta,villosa,,,poiki,,,"Gaff and Hallam 1974, Hallam and Gaff 1978"
Angiosperms,Magnoliopsida,Pandanales,Velloziaceae,Xerophyta,viscosa,,,poiki,,,
Angiosperms,Magnoliopsida,Poales,Cyperaceae,Afrotrilepis,pilosa,,,poiki,,,"Hambler 1969, Barthlott and Porembski 1996"
Angiosperms,Magnoliopsida,Poales,Cyperaceae,Bulbostylis,,,,,,,Porembski 2006
Angiosperms,Magnoliopsida,Poales,Cyperaceae,Carex,pachystillis,,,poiki,,immature tissue only,"Blomstedt 2018, Proctor and Tuba 2002"
Angiosperms,Magnoliopsida,Poales,Cyperaceae,Carex,physodes,,,poiki,,"immature tissue only (but from personal observations at Buffelskloof Nature Reserve, South Africa this may not be true)",Proctor and Tuba 2002
Angiosperms,Magnoliopsida,Poales,Cyperaceae,Cephalocarpus,,,,,,,Porembski 2006
Angiosperms,Magnoliopsida,Poales,Cyperaceae,Coleochloa,microcephala,,,,,,Benko 2002
Angiosperms,Magnoliopsida,Poales,Cyperaceae,Coleochloa,pallidior,0,,,,,"Gaff and Ellis 1974, Gaff 1971, Gaff 1977"
Angiosperms,Magnoliopsida,Poales,Cyperaceae,Coleochloa,setifera,0,,poiki,site differences,no,"Gaff and Ellis 1974, Gaff 1977"
Angiosperms,Magnoliopsida,Poales,Cyperaceae,Cyperus,bellis,2,,,,immature tissue only,"Gaff and Ellis 1974, Gaff 1977, Blomstedt et al 2018"
Angiosperms,Magnoliopsida,Poales,Cyperaceae,Cyperus (previously Kyllinga),alata,0,,poiki,,immature tissue only,"Bomstedt 2018, Gaff 1977"
Angiosperms,Magnoliopsida,Poales,Cyperaceae,Cyperus (previously Kyllinga),alba,,11,,,,Gaff and Ellis 1974
Angiosperms,Magnoliopsida,Poales,Cyperaceae,Cyperus (previously Kyllinga),nervosa,0,,poiki,,immature tissue only,Blomstedt 2018
Angiosperms,Magnoliopsida,Poales,Cyperaceae,Everardia,,,,,,,Porembski 2006
Angiosperms,Magnoliopsida,Poales,Cyperaceae,Fimbristylis,dichotoma,,,,,immature tissue only,"Gaff and Latz 1978, Blomstedt 2018"
Angiosperms,Magnoliopsida,Poales,Cyperaceae,Fimbristylis,vahl?,,,,,,Porembski and Barthlott 2000
Angiosperms,Magnoliopsida,Poales,Cyperaceae,Mariscus,capensis,0,,poiki,,immature tissue only,"Gaff and Ellis 1974, Lange 2012"
Angiosperms,Magnoliopsida,Poales,Cyperaceae,Microdracoides,squamosa,,,,,,Porembski and Barthlott 2000
Angiosperms,Magnoliopsida,Poales,Cyperaceae,Trilepis,Nees,,,,,,Porembski and Barthlott 2000
Angiosperms,Magnoliopsida,Poales,Poaceae,Brachyachne,patentiflora,0,,,,,"Gaff and Ellis 1974, Blomstedt et al 2018 2018"
Angiosperms,Magnoliopsida,Poales,Poaceae,Eragrostiella,bifaria,15,,poiki,,,"Gaff and Latz 1978, Blomstedt et al 2018, Wickens 2013"
Angiosperms,Magnoliopsida,Poales,Poaceae,Eragrostiella,brachyphylla,0,,,,,"Gaff and Bole 1986, Blomstedt et al 2018"
Angiosperms,Magnoliopsida,Poales,Poaceae,Eragrostiella,nardioides,11,,,,,"Gaff and Bole 1986, Blomstedt et al 2018"
Angiosperms,Magnoliopsida,Poales,Poaceae,Eragrostis,hispida,5,,,,immature tissue only,"Gaff and Ellis 1974, Gaff 1986, Blomstedt et al 2018"
Angiosperms,Magnoliopsida,Poales,Poaceae,Eragrostis,invalida,0,,poiki,,immature tissue only,"Gaff 1986, Nugent and Gaff 1989, Blomstedt et al 2018"
Angiosperms,Magnoliopsida,Poales,Poaceae,Eragrostis,nindensis,2,,poiki,,,"Gaff and Ellis 1974, Gaff 1986, Blomstedt et al 2018, Willigen 2001"
Angiosperms,Magnoliopsida,Poales,Poaceae,Eragrostis,paradoxa,0,,,,,"Gaff and Ellis 1974, Gaff 1986, Blomstedt et al 2018"
Angiosperms,Magnoliopsida,Poales,Poaceae,Micraira,adamsii,2,,,,,"Gaff 1989, Blomstedt et al 2018"
Angiosperms,Magnoliopsida,Poales,Poaceae,Micraira,lazaridis,,,,,,Blomstedt et al 2018
Angiosperms,Magnoliopsida,Poales,Poaceae,Micraira,multinerva,5,,,,,Blomstedt et al 2018
Angiosperms,Magnoliopsida,Poales,Poaceae,Micraira,spinifera,7.5,,,,,"Gaff and Sutaryono 1991, Blomstdet et al 2018"
Angiosperms,Magnoliopsida,Poales,Poaceae,Micraira,subulifolia,5,,,,,"Gaff and Latz 1978, Blomstedt et al 2018"
Angiosperms,Magnoliopsida,Poales,Poaceae,Micraira,tenuis,8,,,,,"Gaff and Sutaryono 1991, Blomstdet et al 2018"
Angiosperms,Magnoliopsida,Poales,Poaceae,Micraira,viscidula,7.5,,,,,Blomstedt et al 2018
Angiosperms,Magnoliopsida,Poales,Poaceae,Microchloa,caffra,5,,,,,"Gaff and Ellis 1974, Blomstedt et al 2018"
Angiosperms,Magnoliopsida,Poales,Poaceae,Microchloa,indica,0,,,,,"Gaff 1987, Iturriaga et all 2000"
Angiosperms,Magnoliopsida,Poales,Poaceae,Microchloa,kunthii,0,,,,,"Gaff and Ellis 1974, Blomstedt et al 2018"
Angiosperms,Magnoliopsida,Poales,Poaceae,Oropetium,capense,0,,,,,"Gaff 1971, Gaff and Ellis 1974, Blomstedt et al 2018"
Angiosperms,Magnoliopsida,Poales,Poaceae,Oropetium,roxburghianum,0,,,,,"Gaff and Bole 1986, Blomstedt et al 2018"
Angiosperms,Magnoliopsida,Poales,Poaceae,Oropetium,thomaeum,0,,,,,"Gaff and Bole 1986, Blomstedt et al 2018"
Angiosperms,Magnoliopsida,Poales,Poaceae,Poa,bulbosa,5,,,,,Gaff and Latz 1978
Angiosperms,Magnoliopsida,Poales,Poaceae,Poa,eigii,,,,,,Wickens 2013
Angiosperms,Magnoliopsida,Poales,Poaceae,Sporobolus,atrovirens,4,,,,,"Iturriaga et al 2000, Blomstedt et al 2018"
Angiosperms,Magnoliopsida,Poales,Poaceae,Sporobolus,elongatus,10,,,,,"Gaff and Sutaryono 1991, Blomstedt et al 2018"
Angiosperms,Magnoliopsida,Poales,Poaceae,Sporobolus,festivus,0,,,,,"Gaff and Ellis 1974, Kaiser et al 1985, Blomstedt et al 2018"
Angiosperms,Magnoliopsida,Poales,Poaceae,Sporobolus,fimbriatus,0,,poiki,,,"Gaff and Ellis 1974, Gaff 1986"
Angiosperms,Magnoliopsida,Poales,Poaceae,Sporobolus,lampranthus,0,,,,immature tissue only,"Gaff and Ellis 1974, Blomstedt et al 2018"
Angiosperms,Magnoliopsida,Poales,Poaceae,Sporobolus,pellucidus,5,,poiki,,,"Gaff 1986, Nugent and Gaff 1986, Blomstedt et al 2018"
Angiosperms,Magnoliopsida,Poales,Poaceae,Sporobolus,stapfianus,2,,homoi,,yes,"Gaff and Ellis 1974, Kaiser et all 1985, Sgherri et al 1989, Blomstedt et al 2018, Martinelli et al 2007"
Angiosperms,Magnoliopsida,Poales,Poaceae,Tripogon,capillatus,0,,,,,"Gaff and Bole 1986, Blomstedt et al 2018"
Angiosperms,Magnoliopsida,Poales,Poaceae,Tripogon,curvatus,2,,homoi,,,"Gaff and Sutaryono 1991, Gaff 1986, Blomstedt et al 2018"
Angiosperms,Magnoliopsida,Poales,Poaceae,Tripogon,filiformis,2,,,,,"Gaff and Bole 1986, Blomstedt et al 2018"
Angiosperms,Magnoliopsida,Poales,Poaceae,Tripogon,jacquemontii,0,,,,,"Gaff and Bole 1986, Blomstedt et al 2018"
Angiosperms,Magnoliopsida,Poales,Poaceae,Tripogon,lisboae,0,,,,,"Gaff and Bole 1986, Blomstedt et al 2018"
Angiosperms,Magnoliopsida,Poales,Poaceae,Tripogon,lolioformis,0,,homoi,,,"Gaff and Latz 1978, Blomstedt et al 2018, Scharaschkin and Fabillo 2015"
Angiosperms,Magnoliopsida,Poales,Poaceae,Tripogon,major,0,,,,,Blomstedt et al 2018
Angiosperms,Magnoliopsida,Poales,Poaceae,Tripogon,minimus,2,,homoi,,,"Gaff and Ellis 1974, Gaff 1986, Blomstedt et al 2018"
Angiosperms,Magnoliopsida,Poales,Poaceae,Tripogon,polyanthus,2,,,,,"Gaff and Bole 1986, Blomstedt et al 2018"
Angiosperms,Magnoliopsida,Poales,Poaceae,Tripogon,spicatus,0,,,,,"Gaff 1987, Iturriaga et al 2000, Aidar et al 2017, Blomstedt et al 2018"
Anthocerotophyta,Anthocerotopsida,Anthocerotales,Dendrocerotaceae,Anthoceros,angustus,,,homoi,,,Zhang et al 2020
Anthocerotophyta,Dendrocerotidae,Dendrocerotales,Dendrocerotaceae,Dendroceros,granulosus,,,homoi,,,Wood 2007
Bryophyta,Andreaeopsida,Andreaeales,Andreaeaceae,Andreaea,rothii,30,,homoi,no seasonal,,"Dilks and Proctor 1976, Hearnshaw and Proctor 1982, Proctor 2003"
Bryophyta,Bryopsida,Bartramiales,Bartramiaceae,Bartramia,stricta,30,,homoi,,,Wood 2007
Bryophyta,Bryopsida,Bryales,Bryaceae,Bryum,algovicum,30,,homoi,,,Wood 2007
Bryophyta,Bryopsida,Bryales,Bryaceae,Bryum,argenteum,30,,homoi,,"yes, life stages",Wood 2007
Bryophyta,Bryopsida,Bryales,Bryaceae,Bryum,caespiticium,30,,homoi,,,Wood 2007
Bryophyta,Bryopsida,Bryales,Bryaceae,Bryum,capillare,30,,homoi,,,Wood 2007
Bryophyta,Bryopsida,Bryales,Mniaceae,Mnium,hornum,30,,homoi,priming,,Wood 2007 Proctor 2010
Bryophyta,Bryopsida,Bryales,Mniaceae,Mnium,marginatum,30,,homoi,priming,,Wood 2007
Bryophyta,Bryopsida,Bryales,Mniaceae,Mnium,spinosum,30,,homoi,priming,,Wood 2007
Bryophyta,Bryopsida,Bryales,Mniaceae,Mnium,stellare,30,,homoi,priming,,Wood 2007
Bryophyta,Bryopsida,Bryales,Mniaceae,Plagiomnium,cinclidoides,75,,homoi,,,Wood 2007
Bryophyta,Bryopsida,Bryales,Mniaceae,Plagiomnium,cuspidatum,30,,homoi,priming,,"Wood 2007, Streusand et al 1986"
Bryophyta,Bryopsida,Bryales,Mniaceae,Plagiomnium,elatum,30,,homoi,priming,,Wood 2007
Bryophyta,Bryopsida,Bryales,Mniaceae,Plagiomnium,maximoviczii,30,,homoi,,,"Ochi 1952, Wood 2007"
Bryophyta,Bryopsida,Bryales,Mniaceae,Plagiomnium,medium,30,,homoi,priming,,Wood 2007
Bryophyta,Bryopsida,Bryales,Mniaceae,Plagiomnium,rostratum,30,,homoi,priming,,Wood 2007
Bryophyta,Bryopsida,Bryales,Mniaceae,Plagiomnium,undulatum,30,,homoi,,,Wood 2007
Bryophyta,Bryopsida,Bryales,Mniaceae,Pohlia,cruda,30,,homoi,priming,,Wood 2007
Bryophyta,Bryopsida,Bryales,Mniaceae,Pohlia,elongata,30,,homoi,priming,,Wood 2007
Bryophyta,Bryopsida,Bryales,Mniaceae,Pohlia,ludwigii,75,,homoi,,,Wood 2007
Bryophyta,Bryopsida,Bryales,Mniaceae,Pohlia,rothii,30,,homoi,,,Wood 2007
Bryophyta,Bryopsida,Bryales,Mniaceae,Rhizomnium,punctatum,30,,homoi,priming,,Wood 2007
Bryophyta,Bryopsida,Bryales??,Phyllodrepaniaceae,Phyllodrepanium,falcifolium,43,,homoi,,,Pardow & Lakatos 2013
Bryophyta,Bryopsida,Dicranales,Dicranaceae,Amphidium,lapponicum,75,,homoi,,,Wood 2007
Bryophyta,Bryopsida,Dicranales,Dicranaceae,Dicranoloma,fragiliforme,30,,homoi,,,Hosokawa & Kubota 1957
Bryophyta,Bryopsida,Dicranales,Dicranaceae,Dicranum,fuscscens,30,,homoi,,,Wood 2007
Bryophyta,Bryopsida,Dicranales,Dicranaceae,Dicranum,japonicum,75,,homoi,,,Ochi 1952
Bryophyta,Bryopsida,Dicranales,Dicranaceae,Dicranum,majus,30,,homoi,,,Smirnoff 1992
Bryophyta,Bryopsida,Dicranales,Dicranaceae,Dicranum,scoparium,30,,homoi,,,Wood 2007
Bryophyta,Bryopsida,Dicranales,Dicranaceae,Dicranum,viride,30,,homoi,,,Wood 2007
Bryophyta,Bryopsida,Dicranales,Dicranaceae,Paraleucobryum,longifolium,30,,homoi,,,Wood 2007
Bryophyta,Bryopsida,Dicranales,Fissidentaceae,Fissidens,adianthoides,75,,homoi,,,Wood 2007
Bryophyta,Bryopsida,Dicranales,Fissidentaceae,Fissidens,bryoides,30,,homoi,,,Wood 2007
Bryophyta,Bryopsida,Dicranales,Fissidentaceae,Fissidens,crassipes,30,,homoi,,,Wood 2007
Bryophyta,Bryopsida,Dicranales,Fissidentaceae,Fissidens,dubius,75,,homoi,,,Wood 2007
Bryophyta,Bryopsida,Dicranales,Fissidentaceae,Fissidens,taxifolius,30,,homoi,,,Wood 2007
Bryophyta,Bryopsida,Dicranales,Leucobryaceae,Campylopus,introflexus,,,homoi,,,Pressel et al 2009
Bryophyta,Bryopsida,Dicranales,Leucobryaceae,Campylopus,pyriformis,,,homoi,,,Cruz de Carvalho 2019
Bryophyta,Bryopsida,Dicranales,Leucobryaceae,Dicranodontium,denudatum,75,,homoi,,,Wood 2007
Bryophyta,Bryopsida,Dicranales,Rhabdoweisiaceae,Dicranoweisia,cirrata,30,,homoi,,,Wood 2007
Bryophyta,Bryopsida,Diphysciales,Diphysciaceae,Diphyscium,foliosum,30,,homoi,priming,,"Wood 2007, Duckett 1994"
Bryophyta,Bryopsida,Encalyptales,Encalyptaceae,Encalypta,streptocarpa,30,,homoi,,,Wood 2007
Bryophyta,Bryopsida,Funariales,Funariaceae,Funaria,hygrometrica,,,homoi,,,Pressel et al 2009
Bryophyta,Bryopsida,Funariales,Funariaceae,Physcomitrella,patens,91,,homoi,,,Wang et al 2009
Bryophyta,Bryopsida,Grimmiales,Grimmiaceae,Grimmia,anodon,30,,homoi,,,Rundel & Lange 1980
Bryophyta,Bryopsida,Grimmiales,Grimmiaceae,Grimmia,elatior,30,,homoi,,,Wood 2007
Bryophyta,Bryopsida,Grimmiales,Grimmiaceae,Grimmia,laevigata,30,,homoi,,,"Keever 1957, Wood 2007"
,Bryopsida,Grimmiales,Grimmiaceae,Grimmia,lisae,50,,homoi,,,Cruz de Carvalho 2020
Bryophyta,Bryopsida,Grimmiales,Grimmiaceae,Grimmia,muhlenbeckii,30,,homoi,,,Wood 2007
Bryophyta,Bryopsida,Grimmiales,Grimmiaceae,Grimmia,orbicularis,30,,homoi,,,Alpert 1979
Bryophyta,Bryopsida,Grimmiales,Grimmiaceae,Grimmia,ovata,30,,homoi,,,Wood 2007
Bryophyta,Bryopsida,Grimmiales,Grimmiaceae,Grimmia,pulvinata,30,,homoi,,,"Proctor 2010, Proctor 2003"
Bryophyta,Bryopsida,Grimmiales,Grimmiaceae,Racomitrium,aciculare,30,,homoi,,,Wood 2007
Bryophyta,Bryopsida,Grimmiales,Grimmiaceae,Racomitrium,aquaticum,,,homoi,,,"Hearnshaw & Proctor 1982, Proctor 2003"
Bryophyta,Bryopsida,Grimmiales,Grimmiaceae,Racomitrium,canescens,30,,homoi,,,Wood 2007
Bryophyta,Bryopsida,Grimmiales,Grimmiaceae,Racomitrium,heterostichum,30,,homoi,,,Wood 2007
Bryophyta,Bryopsida,Grimmiales,Grimmiaceae,Racomitrium,lanuginosum,30,,homoi,,,"Dilks and Proctor 1976, Hearnshaw & Proctor 1982, Proctor 2003"
Bryophyta,Bryopsida,Grimmiales,Grimmiaceae,Schistidium,apocarpum,75,,homoi,,,"Alpert and Oechel 1987, Proctor 2010"
Bryophyta,Bryopsida,Hedwigales,Hedwigiaceae,Hedwigia,ciliata,30,,homoi,,,"Wood 2007, Deltoro et al 1998"
Bryophyta,Bryopsida,Hookeriales,hookeriaceae,Hookeria,lucens,30,,homoi,,,Dilks and Proctor 1974
Bryophyta,Bryopsida,Hypnales,Amblystegiaceae,Campylium,sommerfeltii,30,,homoi,priming,,Wood 2007
Bryophyta,Bryopsida,Hypnales,Amblystegiaceae,Sanionia,uncinata,5,,homoi,,,Pizarro et al 2019
Bryophyta,Bryopsida,Hypnales,Brachytheciaceae,Brachythecium,rivulare,30,,homoi,,,Wood 2007
Bryophyta,Bryopsida,Hypnales,Brachytheciaceae,Cirriphyllum,cirrosum,75,,homoi,priming,,Wood 2007
Bryophyta,Bryopsida,Hypnales,Brachytheciaceae,Eurhynchium,pumilum,30,,homoi,priming,,Wood 2007
Bryophyta,Bryopsida,Hypnales,Brachytheciaceae,Eurhynchium,speciosum,30,,homoi,priming,,Wood 2007
Bryophyta,Bryopsida,Hypnales,Brachytheciaceae,Eurhynchium,straitum,30,,homoi,,,Wood 2007
Bryophyta,Bryopsida,Hypnales,Brachytheciaceae,Homaliodendron,scapellifolium,30,,homoi,,,Hosokawa & Kubota 1957
Bryophyta,Bryopsida,Hypnales,Brachytheciaceae,Homalothecium,sericeum,30,,homoi,,,Wood 2007
Bryophyta,Bryopsida,Hypnales,Brachytheciaceae,Meteoridium,remotifolium,80,,homoi,,,Leon-Vargas et al 2006
Bryophyta,Bryopsida,Hypnales,Brachytheciaceae,Scorpiurium,circinatum,30,,homoi,,,Dilks and Proctor 1974
Bryophyta,Bryopsida,Hypnales,Climaciaceae,Climacium,dendroides,75,,homoi,priming,,Wood 2007
Bryophyta,Bryopsida,Hypnales,Fabroniaceae,Fabronia,ciliaris,30,,homoi,,,Wood 2007
Bryophyta,Bryopsida,Hypnales,Fontinalaceae,Fontinalis,antipyretica,30,,homoi,,,Cruz de Carvalho 2019
Bryophyta,Bryopsida,Hypnales,Fontinalaceae,Fontinalis,novae-angliae,30,,homoi,,,Glime and Carr 1974
Bryophyta,Bryopsida,Hypnales,Fontinalaceae,Fontinalis,squamosa,30,,homoi,,,Wood 2007
Bryophyta,Bryopsida,Hypnales,Hylocomiaceae,Hylocomium,cavifolium,30,,homoi,,,Hosokawa & Kubota 1957
Bryophyta,Bryopsida,Hypnales,Hylocomiaceae,Hylocomium,splendens,30,,homoi,priming,,Dilks and Proctor 1974
Bryophyta,Bryopsida,Hypnales,Hylocomiaceae,Pleurozium,schreberi,30,,homoi,,,Wood 2007
Bryophyta,Bryopsida,Hypnales,Hylocomiaceae,Rhytidiadelphus,loreus,30,,homoi,,,"Dilks and Proctor 1974, Proctor 2010"
Bryophyta,Bryopsida,Hypnales,Hylocomiaceae,Rhytidiadelphus,squarrosus,30,,homoi,,,Proctor 2010
Bryophyta,Bryopsida,Hypnales,Hylocomiaceae,Rhytidiadelphus,triquetrus,30,,homoi,,,Wood 2007
Bryophyta,Bryopsida,Hypnales,Hypnaceae,Hypnum,cupressiforme,30,,homoi,,,"Deltoro et al 1998, Cruz de Carvalho 2020 "
Bryophyta,Bryopsida,Hypnales,Lembophyllaceae,Isothecium,subdiversiforme,30,,homoi,,,Ochi 1952
Bryophyta,Bryopsida,Hypnales,Lembophyllaceae,Pilotrichella,ampullacea,30,,homoi,,,"Proctor 2002, Proctor 2010"
Bryophyta,Bryopsida,Hypnales,Lembophyllaceae,Pilotrichella,flexilis,80,,homoi,,,Leon-Vargas et al 2006
Bryophyta,Bryopsida,Hypnales,Lembophyllaceae,Weymouthia,cochlearifolia,43,,homoi,,,Proctor 2004
Bryophyta,Bryopsida,Hypnales,Lembophyllaceae,Weymouthia,mollis,43,,homoi,,,Proctor 2004
Bryophyta,Bryopsida,Hypnales,Leptodontaceae,Forsstroemia,cryphaeoides,30,,homoi,,,Hosokawa & Kubota 1957
Bryophyta,Bryopsida,Hypnales,Leptodontaceae,Leptodon,smithii,30,,homoi,,,Proctor and Tuba 2002
Bryophyta,Bryopsida,Hypnales,Leucodontaceae,Leucodon,sciuroides,30,,homoi,,,"Deltoro et al 1998, Proctor 2003, Proctor 2010"
Bryophyta,Bryopsida,Hypnales,Leucodontaceae,Pterogonium,gracile,30,,homoi,,,Wood 2007
Bryophyta,Bryopsida,Hypnales,Meteoriaceae,Floribundaria,floribunda,30,,homoi,,,Proctor 2002
Bryophyta,Bryopsida,Hypnales,Meteoriaceae,Meteorium,nigrescens,80,,homoi,,,Leon-Vargas et al 2006
Bryophyta,Bryopsida,Hypnales,Meteoriaceae,Zelometeorium,patulum,43,,homoi,,,Pardow & Lakatos 2013
Bryophyta,Bryopsida,Hypnales,Neckeraceae,Macrosporiella,cozyoides,30,,homoi,,,Ochi 1952
Bryophyta,Bryopsida,Hypnales,Neckeraceae,Macrosporiella,scabriesta,30,,homoi,,,Hosokawa & Kubota 1957
Bryophyta,Bryopsida,Hypnales,Neckeraceae,Neckera,complanata,30,,homoi,,,Wood 2007
Bryophyta,Bryopsida,Hypnales,Neckeraceae,Neckera,crispa,30,,homoi,,,Dilks and Proctor 1974
Bryophyta,Bryopsida,Hypnales,Neckeraceae,Neckera,yezoana,30,,homoi,,,"Hosokawa & Hubota 1957, Ochi 1952"
Bryophyta,Bryopsida,Hypnales,Neckeraceae,Thamnobryum,sandei,30,,homoi,,,"Hosokawa & Hubota 1957, Ochi 1952"
Bryophyta,Bryopsida,Hypnales,Phyllogoniaceae,Phyllogonium,viscosum,80,,homoi,,,Leon-Vargas et al 2006
Bryophyta,Bryopsida,Hypnales,Plagiotheciaceae,Plagiothecium,cavifolium,30,,homoi,priming,,Wood 2007
Bryophyta,Bryopsida,Hypnales,Plagiotheciaceae,Plagiothecium,denticulatum,30,,homoi,priming,,Wood 2007
Bryophyta,Bryopsida,Hypnales,Plagiotheciaceae,Plagiothecium,nemorale,30,,homoi,priming,,Wood 2007
Bryophyta,Bryopsida,Hypnales,Plagiotheciaceae,Plagiothecium,platyphyllum,75,,homoi,,,Wood 2007
Bryophyta,Bryopsida,Hypnales,Plagiotheciaceae,Plagiothecium,succulentum,30,,homoi,priming,,Wood 2007
Bryophyta,Bryopsida,Hypnales,Plagiotheciaceae,Plagiothecium,undulatum,30,,homoi,,,Dilks and Proctor 1974
Bryophyta,Bryopsida,Hypnales,Prionodontaceae,Prionodon,densus,30,,homoi,,,Leon et al 2006
Bryophyta,Bryopsida,Hypnales,Pterobryaceae,Pterobryon,arbuscula,30,,homoi,,,Hosokawa & Kubota 1957
Bryophyta,Bryopsida,Hypnales,Stereophyllaceae,Stereophyllum,radiculosum,30,,homoi,,,Wood 2007
Bryophyta,Bryopsida,Hypnales,Thuidiaceae,Anomodon,giraldii,30,,homoi,,,Hosokawa & Kubota 1957
Bryophyta,Bryopsida,Hypnales,Thuidiaceae,Anomodon,longifolius,30,,homoi,,,Wood 2007
Bryophyta,Bryopsida,Hypnales,Thuidiaceae,Anomodon,rostratus,30,,homoi,,,Wood 2007
Bryophyta,Bryopsida,Hypnales,Thuidiaceae,Anomodon,viticulosus,30,,homoi,,,"Hinshiri & Proctor 1971, Proctor 1972, Proctor 2010, Hearnshaw and Proctor 1982"
Bryophyta,Bryopsida,Hypnales,Thuidiaceae,Anomondon,viticulosus,50,,,,,Proctor 2010
Bryophyta,Bryopsida,Hypnales,Thuidiaceae,Boulaya,mittenii,30,,homoi,,,Hosokawa & Kubota 1957
Bryophyta,Bryopsida,Hypnales,Thuidiaceae,Thuidium,cymbifolium,30,,homoi,,,Hosokawa & Kubota 1957
Bryophyta,Bryopsida,Hypnales,Thuidiaceae,Thuidium,japonicum,30,,homoi,,,Ochi 1952
Bryophyta,Bryopsida,Hypnales,Thuidiaceae,Thuidium,tamariscinum,30,,homoi,,,Smirnoff 1992
Bryophyta,Bryopsida,Hypnales,Thuidiaceae,Thuidium,urceolatum,75,,homoi,,,Wood 2007
Bryophyta,Bryopsida,Orthotrichales,Orthotrichaceae,Groutiella mucronifolia,mucronifolia,43,,homoi,,,Pardow & Lakatos 2013
Bryophyta,Bryopsida,Orthotrichales,Orthotrichaceae,Macromitrium,gymnostomum,30,,homoi,,,Hosokawa & Kubota 1957
Bryophyta,Bryopsida,Orthotrichales,Orthotrichaceae,Macromitrium,cf. leprieurii,43,,homoi,,,Pardow & Lakatos 2013
Bryophyta,Bryopsida,Orthotrichales,Orthotrichaceae,Macromitrium,cf. podocarpii,43,,homoi,,,Pardow & Lakatos 2013
Bryophyta,Bryopsida,Orthotrichales,Orthotrichaceae,Macromitrium,leprieurii,43,,homoi,,,Pardow & Lakatos 2013
Bryophyta,Bryopsida,Orthotrichales,Orthotrichaceae,Orthotrichum,anomalum,30,,homoi,,,Alpert & Oliver 2002
Bryophyta,Bryopsida,Orthotrichales,Orthotrichaceae,Orthotrichum,cupulatum,30,,homoi,,,Deltoro et al 1998
Bryophyta,Bryopsida,Orthotrichales,Orthotrichaceae,Orthotrichum,rupestre,30,,homoi,,,Wood 2007
Bryophyta,Bryopsida,Orthotrichales,Orthotrichaceae,Orthotrichum,stramineum,30,,homoi,,,Wood 2007
Bryophyta,Bryopsida,Orthotrichales,Orthotrichaceae,Orthotrichum,tenellum,30,,homoi,,,Wood 2007
Bryophyta,Bryopsida,Orthotrichales,Orthotrichaceae,Ulota,crispa,30,,homoi,,,"Hosokawa & Kubota 1957, Proctor 2003"
Bryophyta,Bryopsida,Orthotrichales,Orthotrichaceae,Ulota,ludwigii,30,,homoi,,,Wood 2007
Bryophyta,Bryopsida,Pottiales,Pottiaceae,Aloina,aloides,,,homoi,hardening,"yes, life stages",Brinda et al 2016
Bryophyta,Bryopsida,Pottiales,Pottiaceae,Anoectangium,aestivum,30,,homoi,,,Wood 2007
Bryophyta,Bryopsida,Pottiales,Pottiaceae,Anoectangium,compactum,,,homoi,,,Wood 2007
Bryophyta,Bryopsida,Pottiales,Pottiaceae,Barbula,aurea,measured in water content (dry weight ),,,,,Rundel & Lange 1980
Bryophyta,Bryopsida,Pottiales,Pottiaceae,Barbula,fallax,,,homoi,,,Di nola et al 1983
Bryophyta,Bryopsida,Pottiales,Pottiaceae,Barbula,unguiculata,75,,homoi,,,Wood 2007
Bryophyta,Bryopsida,Pottiales,Pottiaceae,Bryoerythrophyllum,recurvirostrum,30,,homoi,,,Wood 2007
Bryophyta,Bryopsida,Pottiales,Pottiaceae,Crossidium,crassinerve,30,,homoi,,,Stark & Delgadillo 2003
,Bryopsida,Pottiales,Pottiaceae,Didymodon,fallax ,50,,homoi,,,Cruz de Carvalho et al. 2020
Bryophyta,Bryopsida,Pottiales,Pottiaceae,Didymodon,insulanus,30,,homoi,,,Wood 2007
Bryophyta,Bryopsida,Pottiales,Pottiaceae,Didymodon,tophaceus,,,homoi,,,Di nola et al 1983
Bryophyta,Bryopsida,Pottiales,Pottiaceae,Pleurochaete,squarrosa,30,,homoi,,,"Deltoro 1998, Proctor 2001, Proctor 2003, Cruz de Carvalho 2019"
Bryophyta,Bryopsida,Pottiales,Pottiaceae,Pseudocrossidium,crinitum,,,homoi,,,Rundel & Lange 1980
Bryophyta,Bryopsida,Pottiales,Pottiaceae,Syntrichia,caninervis,30,,homoi,,,Oliver et al 1993
Bryophyta,Bryopsida,Pottiales,Pottiaceae,Syntrichia,intermedia,30,,homoi,,,Hearnshaw and Proctor 1982
Bryophyta,Bryopsida,Pottiales,Pottiaceae,Syntrichia,norvegica,30,,homoi,,,Oliver et al 1993
Bryophyta,Bryopsida,Pottiales,Pottiaceae,Syntrichia,pagorum,30,,homoi,,"yes, life stages","Alpert 1979, Stark et al. 2016"
Bryophyta,Bryopsida,Pottiales,Pottiaceae,Syntrichia,ruraliformis,30,,homoi,,,Dilks and Proctor 1974
Bryophyta,Bryopsida,Pottiales,Pottiaceae,Syntrichia,ruralis,30,,homoi,,,Wood 2007
Bryophyta,Bryopsida,Pottiales,Pottiaceae,Tortella,inclinata,30,,homoi,,,Di nola et al 1983
,Bryopsida,Pottiales,Pottiaceae,Tortella,nitida,50,,homoi,,,Cruz de Carvalho et al. 2020
Bryophyta,Bryopsida,Pottiales,Pottiaceae,Tortella,tortuosa,,,homoi,,,Cruz de Carvalho 2019
Bryophyta,Bryopsida,Pottiales,Pottiaceae,Tortula,brevissima,,,homoi,,,Wood 2007
Bryophyta,Bryopsida,Pottiales,Pottiaceae,Tortula,inermis,30,,homoi,,,Wood 2007
Bryophyta,Bryopsida,Pottiales,Pottiaceae,Tortula,lanceola,30,,homoi,,,Wood 2007
Bryophyta,Bryopsida,Pottiales,Pottiaceae,Tortula,muralis,30,,homoi,,,Wood 2007
Bryophyta,Bryopsida,Pottiales,Pottiaceae,Tortula,revolvens,30,,homoi,,,Wood 2007
Bryophyta,Bryopsida,Pottiales,Pottiaceae,Triquetrella,papillata,,,homoi,,,Oliver et al 2000
Bryophyta,Bryopsida,Pottiales,Pottiaceae,Weissia,controversa,,,homoi,,,Alpert 1979
Bryophyta,Bryopsida,Rhizogoniales,Rhizogoniaceae,Pyrrhobryum,spiniforme,75,,homoi,,,Wood 2007
Bryophyta,Bryopsida,Splachnales,Splachnaceae,Splachnum,sphaericum,75,,homoi,priming,,Wood 2007
Bryophyta,Bryopsida,Timmiales,Timmiaceae,Timmia,austriaca,30,,homoi,priming,,Wood 2007
Bryophyta,Bryopsida,,Pterobryaceae,Orthostichopsis,tetragona,43,,homoi,,,Pardow & Lakatos 2013
Bryophyta,Dicranidae,Dicranales,Calymperaceae,Octoblepharum,albidum,,,homoi,,,Egunyomi 1979
Bryophyta,Dicranidae,Pseudoditrichales,Ditrichaceae,Ceratodon,purpureus,30,,homoi,,,Wood 2007
Bryophyta,Polytrichopsida,Polytrichales,Polytrichaceae,Atrichum,androgynum,30,,homoi,,,Beckett et al 2005
Bryophyta,Polytrichopsida,Polytrichales,Polytrichaceae,Atrichum,undulatum,30,,homoi,priming,,Beckett et al 2000
Bryophyta,Polytrichopsida,Polytrichales,Polytrichaceae,Pogonatum,aloides,30,,homoi,priming,,Wood 2007
Bryophyta,Polytrichopsida,Polytrichales,Polytrichaceae,Pogonatum,perichaetiale,30,,homoi,,,Proctor 2005
Bryophyta,Polytrichopsida,Polytrichales,Polytrichaceae,polytrichadelphus,aristatus,30,,homoi,,,Proctor 2005
Bryophyta,Polytrichopsida,Polytrichales,Polytrichaceae,Polytrichum,formosum,30,,homoi,,,"Ochi 1952, Proctor 2010"
Bryophyta,Polytrichopsida,Polytrichales,Polytrichaceae,Polytrichum,juniperinum,30,,homoi,,,Proctor 2005
Bryophyta,Tetraphidopsida,Tetraphidales,Tetraphidacae,Tetraphis,pellucida,75,,homoi,,,Wood 2007
Marchantiophyta,Jungermanniopsida,Fossombroniales,Fossombroniaceae,Fossombronia,foveolata,30,,homoi,,,Wood 2007
Marchantiophyta,Jungermanniopsida,Jungermanniales,Adelanthaceae,Jamesoniella,carringtonii,30,,homoi,,"yes, not all cells survive",Clausen 1964
Marchantiophyta,Jungermanniopsida,Jungermanniales,Anastrophyllaceae,Isopaches,bicrenatus,30,,homoi,,,Wood 2007
Marchantiophyta,Jungermanniopsida,Jungermanniales,Arnelliaceae,Southbya,nigrella,,,homoi,,,Pressel et al 2009
Marchantiophyta,Jungermanniopsida,Jungermanniales,Arnelliaceae,Southbya,tophacea,,,homoi,,,Pressel et al 2009
Marchantiophyta,Jungermanniopsida,Jungermanniales,Blepharostomataceae,Blepharostoma,trichophyllum,75,,homoi,,"yes, not all cells survive",Clausen 1964
Marchantiophyta,Jungermanniopsida,Jungermanniales,Calypogeiaceae,Calypogeia,trichomanes,75,,homoi,,,Wood 2007
Marchantiophyta,Jungermanniopsida,Jungermanniales,Cephaloziaceae,Cephalozia,pleniceps,84,,homoi,,no,Clausen 1964
Marchantiophyta,Jungermanniopsida,Jungermanniales,Cephaloziellaceae,Cephaloziella,byssacea,30,,homoi,,,Wood 2007
Marchantiophyta,Jungermanniopsida,Jungermanniales,Geocalycaceae,Saccogyna,viticulosa,43,,homoi,,"yes, not all cells survive","Pressel et al 2009, Proctor 2010, Clausen 1964"
Marchantiophyta,Jungermanniopsida,Jungermanniales,Gymnomitriaceae,Gymnomitrion,corallioides,15,,homoi,,no,Clausen 1964
Marchantiophyta,Jungermanniopsida,Jungermanniales,Gymnomitriaceae,Nardia,scalaris,30,,homoi,,,Wood 2007
Marchantiophyta,Jungermanniopsida,Jungermanniales,Herbertaceae,Herbertus,aduncus,15,,homoi,,no,Clausen 1964
Marchantiophyta,Jungermanniopsida,Jungermanniales,Herbertaceae,Herbertus,juniperinus,75,,homoi,,,Wood 2007
Marchantiophyta,Jungermanniopsida,Jungermanniales,Jungermanniineae,Barbilophozia,barbata,30,,homoi,,,Wood 2007
Marchantiophyta,Jungermanniopsida,Jungermanniales,Jungermanniineae,Barbilophozia,hatcheri,30,,homoi,,,Wood 2007
Marchantiophyta,Jungermanniopsida,Jungermanniales,lagiochilaceae,Plagiochila,asplenioides,30,,homoi,,,Wood 2007
Marchantiophyta,Jungermanniopsida,Jungermanniales,lagiochilaceae,Plagiochila,,75,,homoi,,,Wood 2007
Marchantiophyta,Jungermanniopsida,Jungermanniales,Lepidoziaceae,Bazzania,cuneistipula,75,,homoi,,,Wood 2007
Marchantiophyta,Jungermanniopsida,Jungermanniales,Lepidoziaceae,Bazzania,stolonifera,75,,homoi,,,Wood 2007
Marchantiophyta,Jungermanniopsida,Jungermanniales,Lepidoziaceae,Bazzania,tricrenata,33,,homoi,,"yes, not all cells survive",Clausen 1964
Marchantiophyta,Jungermanniopsida,Jungermanniales,Lepidoziaceae,Bazzania,trilobata,30,,homoi,,,Wood 2007
Marchantiophyta,Jungermanniopsida,Jungermanniales,Lepidoziaceae,Lepidozia,reptans,30,,homoi,,,Wood 2007
Marchantiophyta,Jungermanniopsida,Jungermanniales,Lophocoleaceae,Lophocolea,cuspidata,75,,homoi,,,Wood 2007
Marchantiophyta,Jungermanniopsida,Jungermanniales,Lophocoleaceae,Lophocolea,fragrans,75,,homoi,,"yes, not all cells survive",Clausen 1964
Marchantiophyta,Jungermanniopsida,Jungermanniales,Lophocoleaceae,Lophocolea,heterophylla,30,,homoi,,,Wood 2007
Marchantiophyta,Jungermanniopsida,Jungermanniales,Lophoziaceae,Lophozia,alpestris,33,,homoi,,"yes, not all cells survive",Clausen 1964
Marchantiophyta,Jungermanniopsida,Jungermanniales,Lophoziaceae,Tritomaria,exsectiformis,30,,homoi,,"yes, not all cells survive",Clausen 1964
Marchantiophyta,Jungermanniopsida,Jungermanniales,Lophoziaceae,Tritomaria,quinquedentata,30,,homoi,,"yes, not all cells survive",Clausen 1964
Marchantiophyta,Jungermanniopsida,Jungermanniales,Mastigophoraceae,Mastigophora,woodsii,30,,homoi,,no,Clausen 1964
Marchantiophyta,Jungermanniopsida,Jungermanniales,Myliaceae,Mylia,taylori,84,,homoi,,"yes, not all cells survive",Clausen 1964
Marchantiophyta,Jungermanniopsida,Jungermanniales,Scapaniaceae,Diplophyllum,albicans,75,,homoi,,"yes, not all cells survive",Clausen 1964
Marchantiophyta,Jungermanniopsida,Jungermanniales,Trichocoleaceae,Trichocolea,elliottii,75,,homoi,,,Wood 2007
Marchantiophyta,Jungermanniopsida,Metzgeriales,Aneuraceae,riccardia,pinguis,84,,homoi,,"yes, not all cells survive",Clausen 1964
Marchantiophyta,Jungermanniopsida,Metzgeriales,Metzgeriaceae,Metzgeria,conjugata,30,,homoi,,"yes, not all cells survive",Clausen 1964
Marchantiophyta,Jungermanniopsida,Metzgeriales,Metzgeriaceae,Metzgeria,furcata,30,,homoi,,"yes, not all cells survive",Clausen 1964
Marchantiophyta,Jungermanniopsida,Metzgeriales,Metzgeriaceae,Metzgeria,hamata,75,,homoi,,,Wood 2007
Marchantiophyta,Jungermanniopsida,Pallaviciniales,Pallaviciniaceae,Pallavicinia,lyellii,,,homoi,"yes, ABA priming",,Pence et al 2005
Marchantiophyta,Jungermanniopsida,Pleuroziales,Pleuroziaceae,Pleurozia,purpurea,15,,homoi,,no,Clausen 1964
Marchantiophyta,Jungermanniopsida,Porellales,Frullaniaceae,Frullania,dilatata,30,,homoi,,,"Clausen 1952, Hearnshaw & Protcor 1982, Deltoro et al 1998"
Marchantiophyta,Jungermanniopsida,Porellales,Frullaniaceae,Frullania,germana,15,,homoi,,no,Clausen 1964
Marchantiophyta,Jungermanniopsida,Porellales,Frullaniaceae,Frullania,moniliata,30,,homoi,,,Hosokawa & Kubota 1957
Marchantiophyta,Jungermanniopsida,Porellales,Frullaniaceae,Frullania,nodulosa,43,,homoi,,,Pardow & Lakatos 2013
Marchantiophyta,Jungermanniopsida,Porellales,Frullaniaceae,Frullania,peruviana,80,,homoi,,,Leon-Vargas et al 2006
Marchantiophyta,Jungermanniopsida,Porellales,Frullaniaceae,Frullania,tamarisci,,,homoi,,,Hearnshaw and Proctor 1982
Marchantiophyta,Jungermanniopsida,Porellales,Lejeuneaceae,Lejeunea,patens,43,,homoi,,"yes, not all cells survive",Clausen 1964
Marchantiophyta,Jungermanniopsida,Porellales,Lejeuneaceae,Omphalanthus,filiformis,75,,homoi,,,Wood 2007
Marchantiophyta,Jungermanniopsida,Porellales,Lejeuneaceae,Archilejeunea,parviﬂora,43,,homoi,,,Pardow & Lakatos 2013
Marchantiophyta,Jungermanniopsida,Porellales,Lejeuneaceae,Ceratolejeunea,cornuta,43,,homoi,,,Pardow & Lakatos 2013
Marchantiophyta,Jungermanniopsida,Porellales,Lejeuneaceae,Mastigolejeunea,plicatiﬂora,43,,homoi,,,Pardow & Lakatos 2013
Marchantiophyta,Jungermanniopsida,Porellales,Lejeuneaceae,Stictolejeunea,squamata,43,,homoi,,,Pardow & Lakatos 2013
Marchantiophyta,Jungermanniopsida,Porellales,Porellaceae,Cololejeunea,calcarea,30,,homoi,,,Wood 2007
Marchantiophyta,Jungermanniopsida,Porellales,Porellaceae,Porella,obtusata,30,,homoi,,,Proctor 2003
Marchantiophyta,Jungermanniopsida,Porellales,Porellaceae,Porella,platyphylla,30,,homoi,,,"Pressel et al 2009 , Marschall & Proctor 2013, Proctor 2010, Hearnshaw and Proctor 1982, Deltoro et al 1998"
Marchantiophyta,Jungermanniopsida,Porellales,Radulaceae,Radula,aquilegia,30,,homoi,,"yes, not all cells survive",Clausen 1964
Marchantiophyta,Jungermanniopsida,Porellales,Radulaceae,Radula,complanata,15,,homoi,,no,Clausen 1964
Marchantiophyta,Jungermanniopsida,Ptilidiales,Ptilidiaceae,Ptilidium,ciliare,30,,homoi,,,Clausen 1964
Marchantiophyta,Jungermanniopsida,Ptilidiales,Ptilidiaceae,Ptilidium,pulcherrimum,15,,homoi,,no,Clausen 1964
Marchantiophyta,Marchantiopsida,Marchantiales,Aytoniaceae,Mannia,fragrans,15,,homoi,,no,Clausen 1964
Marchantiophyta,Marchantiopsida,Marchantiales,Aytoniaceae,Plagiochasma,rupestre,30,,homoi,,,Wood 2007
Marchantiophyta,Marchantiopsida,Marchantiales,Exormothecaceae,Exormotheca,holstii,30,,homoi,"yes, tolerance lost when grown in mesic conditions",,Hellwege 1994
Marchantiophyta,Marchantiopsida,Marchantiales,Exormothecaceae,Exormotheca,putulosa,50,,homoi,,,Proctor 2010
Marchantiophyta,Marchantiopsida,Marchantiales,Marchantiaceae,Corsinia,coriandrina,30,,homoi,,,Wood 2007
Marchantiophyta,Marchantiopsida,Marchantiales,Marchantiaceae,Marchantia,inflexa,75,,homoi,,"yes, meristem survives more","Marks 2016, Marks 2019, Marks in reveiw, Steiha et al. 2014"
Marchantiophyta,Marchantiopsida,Marchantiales,Marchantiaceae,Marchantia,polymorpha,75,,homoi,"yes, ABA priming",,Hatanaka and Sugawara 2010
Marchantiophyta,Marchantiopsida,Marchantiales,Ricciaceae,Riccia,bicarinata,30,,homoi,,,Wood 2007
Marchantiophyta,Marchantiopsida,Marchantiales,Ricciaceae,Riccia,fluitans,30,,homoi,"yes, ABA priming",,"Volk 1984, Pence et al 2005"
Marchantiophyta,Marchantiopsida,Marchantiales,Ricciaceae,Riccia,macrocarpa,,,homoi,,,Breuil-See 1993
Marchantiophyta,Marchantiopsida,Marchantiales,Ricciaceae,Riccia,okahandjana,30,,homoi,,,"Pressel et al 2009, Proctor 2010"
Marchantiophyta,Marchantiopsida,Marchantiales,ricciaceae,Riccia,sorocarpa,30,,homoi,,,Wood 2007
Marchantiophyta,Marchantiopsida,Marchantiales,Scapaniaceae,Scapania,aspera,50,,homoi,,"yes, not all cells survive",Clausen 1964
Marchantiophyta,Marchantiopsida,Marchantiales,Scapaniaceae,Scapania,gracilis,33,,homoi,,,"Pressel 2009, Proctor 2010, Clausen 1964"
Marchantiophyta,Marchantiopsida,Marchantiales,Targioniaceae,Targionia,hypophylla,30,,homoi,,,Proctor 2010
Pteridophytes,Lycopodiopsida,Selaginellales,Selaginellaceae,Selaginella,bryopteris,,4.25,homoi,,,Deeba et al 2016
Pteridophytes,Lycopodiopsida,Selaginellales,Selaginellaceae,Selaginella,caffrorum,0,,homoi,,,Gaff 1977
Pteridophytes,Lycopodiopsida,Selaginellales,Selaginellaceae,Selaginella,convoluta,,7.2,homoi,,,Gaff 1987
Pteridophytes,Lycopodiopsida,Selaginellales,Selaginellaceae,Selaginella,digitata,0,,homoi,,yes,Gaff 1977
Pteridophytes,Lycopodiopsida,Selaginellales,Selaginellaceae,Selaginella,dregei,2,,homoi,,,Gaff 1977
Pteridophytes,Lycopodiopsida,Selaginellales,Selaginellaceae,Selaginella,echinata,2,,homoi,,,Gaff 1977
Pteridophytes,Lycopodiopsida,Selaginellales,Selaginellaceae,Selaginella,imbricata,2,,homoi,,,Gaff 1977
Pteridophytes,Lycopodiopsida,Selaginellales,Selaginellaceae,Selaginella,involvens,,,homoi,,,Plancot et al 2019
Pteridophytes,Lycopodiopsida,Selaginellales,Selaginellaceae,Selaginella,lepidophylla,,,homoi,,,"Gaff 1971, Eickmeier 1979, Iturriaga et al 2000"
Pteridophytes,Lycopodiopsida,Selaginellales,Selaginellaceae,Selaginella,nivea,0,,homoi,,,Gaff 1977
Pteridophytes,Lycopodiopsida,Selaginellales,Selaginellaceae,Selaginella,njam-njamensis,,,homoi,,,Hambler 1961
Pteridophytes,Lycopodiopsida,Selaginellales,Selaginellaceae,Selaginella,peruviana,,,homoi,,,Gaff 1987
Pteridophytes,Lycopodiopsida,Selaginellales,Selaginellaceae,Selaginella,pilifera,,,homoi,,,Eickmeier 1979
Pteridophytes,Lycopodiopsida,Selaginellales,Selaginellaceae,Selaginella,sartorii,,,homoi,,,Iturriaga et al 2000
Pteridophytes,Lycopodiopsida,Selaginellales,Selaginellaceae,Selaginella,sellowii,,,homoi,,,Gaff 1987
Pteridophytes,Lycopodiopsida,Selaginellales,Selaginellaceae,Selaginella,tamariscina,,,homoi,,,Xu et al 2018
Pteridophytes,Lycopodiopsida,Selaginellales,Selaginellaceae,Selaginella,underwoodii,50,,homoi,,,Proctor 2010
Pteridophytes,lycopsida,Isoetales,Isoetaceae,Isoetes,australis,,,homoi,,,Gaff and Latz 1978
Pteridophytes,Polypodiopsida,Hymenophyllales,Hymenophyllaceae,Crepidomanes,inopinatum,,15,homoi,yes,,Mkhize et al. 2020
Pteridophytes,Polypodiopsida,Hymenophyllales,Hymenophyllaceae,Hymenophyllum,caudiculatum,,,homoi,,,Garces Cea et al 2014
Pteridophytes,Polypodiopsida,Hymenophyllales,Hymenophyllaceae,Hymenophyllum,dentatum,,18,homoi,,,Garces Cea et al 2014
Pteridophytes,Polypodiopsida,Hymenophyllales,Hymenophyllaceae,Hymenophyllum,cruentum,,20,homoi,,,Fallard et al 2018
Pteridophytes,Polypodiopsida,Hymenophyllales,Hymenophyllaceae,hymenophyllum,sanguinolrntum,,,homoi,,,Proctor and Pence 2002
Pteridophytes,Polypodiopsida,Hymenophyllales,Hymenophyllaceae,hymenophyllum,tunbriggense,,,homoi,,,Proctor and Pence 2002
Pteridophytes,Polypodiopsida,Hymenophyllales,Hymenophyllaceae,hymenophyllum,wilsonii,50,,homoi,,,"Proctor and Pence 2002, Proctor 2010"
Pteridophytes,Polypodiopsida,Polypodiales,Aspleniaceae,Asplenium,adiantun-nigrum,50,,homoi,,,Proctor 2010
Pteridophytes,Polypodiopsida,Polypodiales,Aspleniaceae,Asplenium,aethiopicum,15,,homoi,,,Gaff 1977
Pteridophytes,Polypodiopsida,Polypodiales,Aspleniaceae,Asplenium,bipinnatum,,,homoi,,,Gaff 1977
Pteridophytes,Polypodiopsida,Polypodiales,Aspleniaceae,Asplenium,bourgaei,,,homoi,,,Greuter et al 1983
Pteridophytes,Polypodiopsida,Polypodiales,Aspleniaceae,Asplenium,ceterach,50,,homoi,,,Proctor 2010
Pteridophytes,Polypodiopsida,Polypodiales,Aspleniaceae,Asplenium,obovatum,50,,homoi,,,Proctor 2010
Pteridophytes,Polypodiopsida,Polypodiales,Aspleniaceae,Asplenium,pringlei,,,homoi,,,Wittrock 1891
Pteridophytes,Polypodiopsida,Polypodiales,Aspleniaceae,Asplenium,ruta-muraria,50,,homoi,,,"Kappen 1964, Proctor 2010"
Pteridophytes,Polypodiopsida,Polypodiales,Aspleniaceae,Asplenium,rutifolium,30,,homoi,,,Gaff 1977
Pteridophytes,Polypodiopsida,Polypodiales,Aspleniaceae,Asplenium,sandersoni,10,,homoi,,,Gaff 1977
Pteridophytes,Polypodiopsida,Polypodiales,Aspleniaceae,Asplenium,septentrionale,50,,homoi,,,"Kappen 1964, Proctor 2010"
Pteridophytes,Polypodiopsida,Polypodiales,Aspleniaceae,Asplenium,trichomanes,50,,homoi,,,"Wittrock 1891, Kappen 1964, Proctor 2010"
Pteridophytes,Polypodiopsida,Polypodiales,Aspleniaceae,Ceterach,cordatum,5,,homoi,,,Gaff 1977
Pteridophytes,Polypodiopsida,Polypodiales,Aspleniaceae,Ceterach,officinarum,,,homoi,,,"Oppenheimer and Halevy 1962, Schwab et al 1989"
Pteridophytes,Polypodiopsida,Polypodiales,Aspleniaceae,Pleurosorus,rutifolius,,,homoi,,,Gaff and Latz 1978
Pteridophytes,Polypodiopsida,Polypodiales,Davalliaceae,Arthropteris,orientalis,15,,homoi,,,Gaff 1977
Pteridophytes,Polypodiopsida,Polypodiales,Grammitidaceae,Ctenopteris,heterophylla,,,homoi,,,Gaff and Latz 1978
Pteridophytes,Polypodiopsida,Polypodiales,Polypodiaceae,Loxogramme,abyssinica,,15,homoi,no,,Mkhize et al. 2020
Pteridophytes,Polypodiopsida,Polypodiales,Polypodiaceae,Platycerium,stemaria,,,homoi,,,Hambler 1961
Pteridophytes,Polypodiopsida,Polypodiales,Polypodiaceae,Platycerium,stemaria,,,homoi,,,Hambler 1961
Pteridophytes,Polypodiopsida,Polypodiales,Polypodiaceae,Polypodium,cambricum,50,,homoi,,,"Proctor and Pence 2002, Proctor 2010"
Pteridophytes,Polypodiopsida,Polypodiales,Polypodiaceae,Polypodium,interjectum,50,,homoi,,,Proctor 2010
Pteridophytes,Polypodiopsida,Polypodiales,Polypodiaceae,Polypodium,polypodiodes,2,,homoi,,,"Pessin 1924, Stuart 1968, Gaff 1977, Iturriaga 2000"
Pteridophytes,Polypodiopsida,Polypodiales,Polypodiaceae,Polypodium,virginianum,,,homoi,,,Reynolds and Bewley 1993
Pteridophytes,Polypodiopsida,Polypodiales,Polypodiaceae,Polypodium,vulgare,,,homoi,,,Kappen 1964
Pteridophytes,Polypodiopsida,Polypodiales,Pteridaceae,Actiniopteris,dimorpha,,,homoi,,,Gaff 1977
Pteridophytes,Polypodiopsida,Polypodiales,Pteridaceae,Actiniopteris,radiata,10,,homoi,,,Gaff 1977
Pteridophytes,Polypodiopsida,Polypodiales,Pteridaceae,Adiantum,incisum,5,,homoi,,yes,Gaff 1977
Pteridophytes,Polypodiopsida,Polypodiales,Pteridaceae,Adiantum,raddianum,,,homoi,,,Banupriya at al 2020
Pteridophytes,Polypodiopsida,Polypodiales,Pteridaceae,Cheilanthes,albomarginata,,9.2,homoi,,,Chaitra et al. 2017
Pteridophytes,Polypodiopsida,Polypodiales,Pteridaceae,Cheilanthes,bonariensis,,,homoi,,,Iturriaga et al. 2000
Pteridophytes,Polypodiopsida,Polypodiales,Pteridaceae,Cheilanthes,buchtienii,,7.4,homoi,,,Gaff 1987
Pteridophytes,Polypodiopsida,Polypodiales,Pteridaceae,Cheilanthes,capensis,,,homoi,,,Gaff 1977
Pteridophytes,Polypodiopsida,Polypodiales,Pteridaceae,Cheilanthes,depauperata,2,,homoi,,,Gaff 1977
Pteridophytes,Polypodiopsida,Polypodiales,Pteridaceae,Cheilanthes,dinteri,0,,homoi,,yes,Gaff 1977
Pteridophytes,Polypodiopsida,Polypodiales,Pteridaceae,Cheilanthes,distans,,,homoi,,,Gaff and Latz 1978
Pteridophytes,Polypodiopsida,Polypodiales,Pteridaceae,Cheilanthes,eckloniana,2,,homoi,,,Gaff 1977
Pteridophytes,Polypodiopsida,Polypodiales,Pteridaceae,Cheilanthes,farinosa,15,,homoi,,,Gaff 1977
Pteridophytes,Polypodiopsida,Polypodiales,Pteridaceae,Cheilanthes,fragillima,,,homoi,,,Gaff and Latz 1978
Pteridophytes,Polypodiopsida,Polypodiales,Pteridaceae,Cheilanthes,glauca,,4,homoi,,,Gaff 1987
Pteridophytes,Polypodiopsida,Polypodiales,Pteridaceae,Cheilanthes,hirta,0,,homoi,,yes,Gaff 1977
Pteridophytes,Polypodiopsida,Polypodiales,Pteridaceae,Cheilanthes,inaequalis,5,,homoi,,,Gaff 1977
Pteridophytes,Polypodiopsida,Polypodiales,Pteridaceae,Cheilanthes,integerrima,,,homoi,,,Iturriaga et al. 2000
Pteridophytes,Polypodiopsida,Polypodiales,Pteridaceae,Cheilanthes,lasiophylla,,,homoi,,,Gaff and Latz 1978
Pteridophytes,Polypodiopsida,Polypodiales,Pteridaceae,Cheilanthes,lendigera,,,homoi,,,Wittrock 1891
Pteridophytes,Polypodiopsida,Polypodiales,Pteridaceae,Cheilanthes,marginata,,7.4,homoi,,,Gaff 1987
Pteridophytes,Polypodiopsida,Polypodiales,Pteridaceae,Cheilanthes,marlothii,0,,homoi,,,Gaff 1977
Pteridophytes,Polypodiopsida,Polypodiales,Pteridaceae,Cheilanthes,multifida,5,,homoi,,,Gaff 1977
Pteridophytes,Polypodiopsida,Polypodiales,Pteridaceae,Cheilanthes,myriophylla,,,homoi,,,Iturriaga et al. 2000
Pteridophytes,Polypodiopsida,Polypodiales,Pteridaceae,Cheilanthes,parviloba,30,,homoi,,,Gaff 1977
Pteridophytes,Polypodiopsida,Polypodiales,Pteridaceae,Cheilanthes,paucijuga,,,homoi,,,Gaff and Latz 1978
Pteridophytes,Polypodiopsida,Polypodiales,Pteridaceae,Cheilanthes,pringlei,,,homoi,,,Iturriaga et al. 2000
Pteridophytes,Polypodiopsida,Polypodiales,Pteridaceae,Cheilanthes,sieberi,,,homoi,,,"Gaff and Latz 1978, Gaff and Mcgregor 1979"
Pteridophytes,Polypodiopsida,Polypodiales,Pteridaceae,Cheilanthes,tenuifolia,,,homoi,,,Gaff and Latz 1978
Pteridophytes,Polypodiopsida,Polypodiales,Pteridaceae,Cheilanthes,tomentosa,,,homoi,,,Harten and Eickmeier 1987
Pteridophytes,Polypodiopsida,Polypodiales,Pteridaceae,Cheilanthes,vellea,,,homoi,,,Gaff and Latz 1978
Pteridophytes,Polypodiopsida,Polypodiales,Pteridaceae,Cheilanthes,wrightii,,,homoi,,,Iturriaga et al. 2000
Pteridophytes,Polypodiopsida,Polypodiales,Pteridaceae,Doryopteris,concolor,15,,homoi,,yes,"Gaff 1971, 1977"
Pteridophytes,Polypodiopsida,Polypodiales,Pteridaceae,Doryopteris,kitchingii,20,,homoi,,,Gaff 1977
Pteridophytes,Polypodiopsida,Polypodiales,Pteridaceae,Doryopteris,pedata,,,homoi,,,Gaff 1987
Pteridophytes,Polypodiopsida,Polypodiales,Pteridaceae,Doryopteris,triphylla,,8.2,homoi,,,Gaff 1987
Pteridophytes,Polypodiopsida,Polypodiales,Pteridaceae,Notholaena,marantae,,,homoi,,,Iljin 1931
Pteridophytes,Polypodiopsida,Polypodiales,Pteridaceae,Notholaena,parryi,,,homoi,,,Nobel 1978
Pteridophytes,Polypodiopsida,Polypodiales,Pteridaceae,Notholaena,R. Br. Sp.,,,homoi,,,Porembski and Barthlott 2000
Pteridophytes,Polypodiopsida,Polypodiales,Pteridaceae,Notholaena,sinuata var. cochisensis,,,homoi,,,Harten and Eickmeier 1987
Pteridophytes,Polypodiopsida,Polypodiales,Pteridaceae,Paraceterach,muelleri,,,homoi,,,Gaff and Latz 1978
Pteridophytes,Polypodiopsida,Polypodiales,Pteridaceae,Pellaea,atropurpurea,20,,homoi,,,Pickett and Manuel 1926
Pteridophytes,Polypodiopsida,Polypodiales,Pteridaceae,Pellaea,boivinii,15,,homoi,,,Gaff 1977
Pteridophytes,Polypodiopsida,Polypodiales,Pteridaceae,Pellaea,calomelanos,5,,homoi,,,Gaff 1977
Pteridophytes,Polypodiopsida,Polypodiales,Pteridaceae,Pellaea,cordata,,,homoi,,,Iturriaga et al. 2000
Pteridophytes,Polypodiopsida,Polypodiales,Pteridaceae,Pellaea,falcata,,,homoi,,,Gaff and Latz 1978
Pteridophytes,Polypodiopsida,Polypodiales,Pteridaceae,Pellaea,glabella,,,homoi,,,Pickett and Manuel 1926
Pteridophytes,Polypodiopsida,Polypodiales,Pteridaceae,Pellaea,hastata,,,homoi,,,Gaff 1977
Pteridophytes,Polypodiopsida,Polypodiales,Pteridaceae,Pellaea,longimucronata,,,homoi,,,Helvy 1963
Pteridophytes,Polypodiopsida,Polypodiales,Pteridaceae,Pellaea,ovata,,,homoi,,,Iturriaga et al. 2000
Pteridophytes,Polypodiopsida,Polypodiales,Pteridaceae,Pellaea,quadripinnata,0,,homoi,,yes,Gaff 1977
Pteridophytes,Polypodiopsida,Polypodiales,Pteridaceae,Pellaea,rotundifolia,,,homoi,,,Gaff and Latz 1978
Pteridophytes,Polypodiopsida,Polypodiales,Pteridaceae,Pellaea,sagittata,,,homoi,,,Iturriaga et al. 2000
Pteridophytes,Polypodiopsida,Polypodiales,Pteridaceae,Pellaea,ternifolia,,,homoi,,,Gaff 1987
Pteridophytes,Polypodiopsida,Polypodiales,Pteridaceae,Pellaea,viridis,5,,homoi,,yes,Gaff 1977
Pteridophytes,Polypodiopsida,Polypodiales,Woodsiaceae,Woodsia,ilvensis,,,homoi,,,Wittrock 1891
Pteridophytes,Polypodiopsida,Schizaeales,Anemiaceae,Anemia,caffrorum,0,,homoi,"yes, seasonal",,"Gaff 1971 1977, Farrant 2007, 2009"
Pteridophytes,Polypodiopsida,Schizaeales,Anemiaceae,Anemia,tomentosa,,8.1,homoi,,,Gaff 1987
Pteridophytes,Polypodiopsida,Schizaeales,Schizaeaceae,Schizaea,sm. Sp,,,homoi,,,Porembski and Barthlott 2000